﻿<?xml version="1.0" encoding="UTF-8" standalone="yes"?>
<addon id="plugin.video.FlashTV"
	   name="FlashTV"
	   version="6.5.3"
	   provider-name="KodiCat">
	   <requires>
    <import addon="script.module.resolveurl" version="5.0.00"/>
    <import addon="xbmc.python" version="2.1.0"/>
	<import addon="script.module.requests"/>
  </requires>
  <extension point="xbmc.python.pluginsource"
            library="default.py">
        <provides>video</provides>
  </extension>
  <extension point="xbmc.addon.metadata">
    <summary lang="en">[COLOR FF00FFFF]FlashTV[/COLOR]</summary>
    <description lang="en">הרחבת "FlashTV" - סרטים ישראלים, סדרות ישראליות, מדובבים ועוד...</description>
    <platform>all</platform>
	<assets>
        <icon>icon.png</icon>
        <fanart>fanart.jpg</fanart>
        <screenshot></screenshot>
        <screenshot></screenshot>
        <screenshot></screenshot>
    </assets>
    </extension>
</addon>